{"cameraMode":{"drawMode":0,"name":"Shaded","section":"Shading Mode"},"sceneLighting":true,"audioPlay":false,"sceneViewState":{"showFog":true,"showMaterialUpdate":false,"showSkybox":true,"showFlares":true,"showImageEffects":true,"showParticleSystems":true},"in2DMode":false,"pivot":{"x":166.84825134277345,"y":52.09305191040039,"z":-59.33824157714844},"rotation":{"x":-0.05274565517902374,"y":0.8562495112419128,"z":0.08849512785673142,"w":0.5063881278038025},"size":87.59690856933594,"orthographic":false}